{
  "cv_f1_score": 0.7507968802385901,
  "cv_accuracy": 0.61465,
  "cv_roc_auc": 0.6557919773456158,
  "best_params": {
    "colsample_bytree": 0.7,
    "learning_rate": 0.01,
    "max_depth": 4,
    "min_child_weight": 1,
    "n_estimators": 100,
    "subsample": 0.8
  },
  "best_cv_score": 0.7507968802385901,
  "feature_count": 16,
  "sample_count": 100000
}